{"products":[{"id":"0.0009043645609190243","qty":1,"productPrice":1200},{"id":"0.40465952525738635","qty":2,"productPrice":1600},{"id":"12457","qty":1,"productPrice":19}],"totalPrice":2819}