{"products":[{"id":"0.0009043645609190243","qty":1,"productPrice":1200},{"id":"0.40465952525738635","qty":2,"productPrice":1600}],"totalPrice":2800}